,TeamName,AvgSalary
0,CinAvgSalary,2292849.5419725925
1,CleAvgSalary,2165746.4859371516
2,WasAvgSalary,1913553.0506398515
